{
  "zoom": 17,
  "xMin": 96598,
  "xMax": 96601,
  "yMin": 55018,
  "yMax": 55022,
  "cols": 4,
  "rows": 5,
  "imageWidth": 1024,
  "imageHeight": 1280,
  "bounds": {
    "west": 85.3143310546875,
    "east": 85.3253173828125,
    "north": 27.73702277951682,
    "south": 27.724867197959338
  }
}