{
  "zoom": 19,
  "xMin": 386395,
  "xMax": 386407,
  "yMin": 220073,
  "yMax": 220090,
  "cols": 13,
  "rows": 18,
  "imageWidth": 3328,
  "imageHeight": 4608,
  "bounds": {
    "west": 85.31639099121094,
    "east": 85.3253173828125,
    "north": 27.73641503263853,
    "south": 27.725475009233968
  }
}